{
    "fields": [
        {
            "name": "cod_puesto",
            "labels": "Cod Puesto",
            "html-type": "text",
            "css-class": "",
            "options": {},
            "html-value": null,
            "validation": "required|string|min:1|max:100",
            "is-on-index": true,
            "is-on-show": true,
            "is-on-form": true,
            "data-type": "string",
            "data-type-params": [
                100
            ],
            "data-value": null,
            "is-index": false,
            "is-unique": false,
            "is-primary": false,
            "comment": null,
            "is-nullable": false,
            "is-header": false,
            "is-unsigned": false,
            "is-auto-increment": false,
            "is-inline-options": false,
            "is-date": false,
            "date-format": "",
            "cast-as": "",
            "placeholder": "Enter cod puesto here...",
            "delimiter": "; ",
            "range": [],
            "foreign-relation": null,
            "foreign-constraint": null,
            "on-store": null,
            "on-update": null,
            "api-key": "cod_puesto",
            "is-api-visible": true,
            "api-description": "The cod puesto of the model."
        },
        {
            "name": "des_puesto",
            "labels": "Des Puesto",
            "html-type": "text",
            "css-class": "",
            "options": {},
            "html-value": null,
            "validation": "nullable|string|min:0|max:200",
            "is-on-index": true,
            "is-on-show": true,
            "is-on-form": true,
            "data-type": "string",
            "data-type-params": [
                200
            ],
            "data-value": null,
            "is-index": false,
            "is-unique": false,
            "is-primary": false,
            "comment": null,
            "is-nullable": true,
            "is-header": false,
            "is-unsigned": false,
            "is-auto-increment": false,
            "is-inline-options": false,
            "is-date": false,
            "date-format": "",
            "cast-as": "",
            "placeholder": "Enter des puesto here...",
            "delimiter": "; ",
            "range": [],
            "foreign-relation": null,
            "foreign-constraint": null,
            "on-store": null,
            "on-update": null,
            "api-key": "des_puesto",
            "is-api-visible": true,
            "api-description": "The des puesto of the model."
        },
        {
            "name": "id_edificio",
            "labels": "Id Edificio",
            "html-type": "select",
            "css-class": "",
            "options": {},
            "html-value": null,
            "validation": "nullable",
            "is-on-index": true,
            "is-on-show": true,
            "is-on-form": true,
            "data-type": "int",
            "data-type-params": [],
            "data-value": null,
            "is-index": true,
            "is-unique": false,
            "is-primary": false,
            "comment": null,
            "is-nullable": true,
            "is-header": false,
            "is-unsigned": false,
            "is-auto-increment": false,
            "is-inline-options": false,
            "is-date": false,
            "date-format": "",
            "cast-as": "",
            "placeholder": "Enter id edificio here...",
            "delimiter": "; ",
            "range": [],
            "foreign-relation": {
                "name": "Edificio",
                "type": "belongsTo",
                "params": [
                    "App\\Models\\Edificio",
                    "id_edificio",
                    "id_edificio"
                ],
                "field": "id"
            },
            "foreign-constraint": {
                "field": "id_edificio",
                "references": "edificios",
                "on": "id_edificio",
                "on-delete": "cascade",
                "on-update": "cascade",
                "references-model": "App\\Models\\Edificio",
                "is-self-reference": false
            },
            "on-store": null,
            "on-update": null,
            "api-key": "id_edificio",
            "is-api-visible": true,
            "api-description": "The id edificio of the model."
        },
        {
            "name": "planta",
            "labels": "Planta",
            "html-type": "text",
            "css-class": "",
            "options": {},
            "html-value": null,
            "validation": "nullable|string|min:0|max:20",
            "is-on-index": true,
            "is-on-show": true,
            "is-on-form": true,
            "data-type": "string",
            "data-type-params": [
                20
            ],
            "data-value": null,
            "is-index": false,
            "is-unique": false,
            "is-primary": false,
            "comment": null,
            "is-nullable": true,
            "is-header": false,
            "is-unsigned": false,
            "is-auto-increment": false,
            "is-inline-options": false,
            "is-date": false,
            "date-format": "",
            "cast-as": "",
            "placeholder": "Enter planta here...",
            "delimiter": "; ",
            "range": [],
            "foreign-relation": null,
            "foreign-constraint": null,
            "on-store": null,
            "on-update": null,
            "api-key": "planta",
            "is-api-visible": true,
            "api-description": "The planta of the model."
        },
        {
            "name": "id_estado",
            "labels": "Id Estado",
            "html-type": "number",
            "css-class": "",
            "options": {},
            "html-value": null,
            "validation": "nullable",
            "is-on-index": true,
            "is-on-show": true,
            "is-on-form": true,
            "data-type": "int",
            "data-type-params": [],
            "data-value": null,
            "is-index": false,
            "is-unique": false,
            "is-primary": false,
            "comment": null,
            "is-nullable": true,
            "is-header": false,
            "is-unsigned": false,
            "is-auto-increment": false,
            "is-inline-options": false,
            "is-date": false,
            "date-format": "",
            "cast-as": "",
            "placeholder": "Enter id estado here...",
            "delimiter": "; ",
            "range": [],
            "foreign-relation": null,
            "foreign-constraint": null,
            "on-store": null,
            "on-update": null,
            "api-key": "id_estado",
            "is-api-visible": true,
            "api-description": "The id estado of the model."
        },
        {
            "name": "id_cliente",
            "labels": "Id Cliente",
            "html-type": "select",
            "css-class": "",
            "options": {},
            "html-value": null,
            "validation": "nullable",
            "is-on-index": true,
            "is-on-show": true,
            "is-on-form": true,
            "data-type": "int",
            "data-type-params": [],
            "data-value": null,
            "is-index": true,
            "is-unique": false,
            "is-primary": false,
            "comment": null,
            "is-nullable": true,
            "is-header": false,
            "is-unsigned": false,
            "is-auto-increment": false,
            "is-inline-options": false,
            "is-date": false,
            "date-format": "",
            "cast-as": "",
            "placeholder": "Enter id cliente here...",
            "delimiter": "; ",
            "range": [],
            "foreign-relation": {
                "name": "Cliente",
                "type": "belongsTo",
                "params": [
                    "App\\Models\\Cliente",
                    "id_cliente",
                    "id_cliente"
                ],
                "field": "id"
            },
            "foreign-constraint": {
                "field": "id_cliente",
                "references": "clientes",
                "on": "id_cliente",
                "on-delete": "cascade",
                "on-update": "cascade",
                "references-model": "App\\Models\\Cliente",
                "is-self-reference": false
            },
            "on-store": null,
            "on-update": null,
            "api-key": "id_cliente",
            "is-api-visible": true,
            "api-description": "The id cliente of the model."
        },
        {
            "name": "val_color",
            "labels": "Val Color",
            "html-type": "text",
            "css-class": "",
            "options": {},
            "html-value": null,
            "validation": "nullable|string|min:0|max:10",
            "is-on-index": true,
            "is-on-show": true,
            "is-on-form": true,
            "data-type": "string",
            "data-type-params": [
                10
            ],
            "data-value": null,
            "is-index": false,
            "is-unique": false,
            "is-primary": false,
            "comment": null,
            "is-nullable": true,
            "is-header": false,
            "is-unsigned": false,
            "is-auto-increment": false,
            "is-inline-options": false,
            "is-date": false,
            "date-format": "",
            "cast-as": "",
            "placeholder": "Enter val color here...",
            "delimiter": "; ",
            "range": [],
            "foreign-relation": null,
            "foreign-constraint": null,
            "on-store": null,
            "on-update": null,
            "api-key": "val_color",
            "is-api-visible": true,
            "api-description": "The val color of the model."
        },
        {
            "name": "val_icono",
            "labels": "Val Icono",
            "html-type": "text",
            "css-class": "",
            "options": {},
            "html-value": null,
            "validation": "nullable|string|min:0|max:150",
            "is-on-index": true,
            "is-on-show": true,
            "is-on-form": true,
            "data-type": "string",
            "data-type-params": [
                150
            ],
            "data-value": null,
            "is-index": false,
            "is-unique": false,
            "is-primary": false,
            "comment": null,
            "is-nullable": true,
            "is-header": false,
            "is-unsigned": false,
            "is-auto-increment": false,
            "is-inline-options": false,
            "is-date": false,
            "date-format": "",
            "cast-as": "",
            "placeholder": "Enter val icono here...",
            "delimiter": "; ",
            "range": [],
            "foreign-relation": null,
            "foreign-constraint": null,
            "on-store": null,
            "on-update": null,
            "api-key": "val_icono",
            "is-api-visible": true,
            "api-description": "The val icono of the model."
        },
        {
            "name": "id_puesto",
            "labels": "Id Puesto",
            "html-type": "number",
            "css-class": "",
            "options": {},
            "html-value": null,
            "validation": "",
            "is-on-index": false,
            "is-on-show": false,
            "is-on-form": false,
            "data-type": "int",
            "data-type-params": [],
            "data-value": null,
            "is-index": false,
            "is-unique": false,
            "is-primary": true,
            "comment": null,
            "is-nullable": false,
            "is-header": false,
            "is-unsigned": false,
            "is-auto-increment": true,
            "is-inline-options": false,
            "is-date": false,
            "date-format": "",
            "cast-as": "",
            "placeholder": "Enter id puesto here...",
            "delimiter": "; ",
            "range": [],
            "foreign-relation": null,
            "foreign-constraint": null,
            "on-store": null,
            "on-update": null,
            "api-key": "id_puesto",
            "is-api-visible": true,
            "api-description": "The id puesto of the model."
        }
    ],
    "relations": [],
    "indexes": [],
    "auto-manage-created-and-updated-at": false,
    "table-name": "puestos",
    "protection": {
        "is-model-protected": false,
        "is-controller-protected": false,
        "is-api-resource-protected": false,
        "is-api-resource-collection-protected": false,
        "is-api-documentation-protected": false,
        "is-api-documentation-controller-protected": false,
        "is-form-request-protected": false,
        "is-languages-protected": false,
        "is-form-view-protected": false,
        "is-index-view-protected": false,
        "is-create-view-protected": false,
        "is-edit-view-protected": false,
        "is-show-view-protected": false
    },
    "api-documentation": {
        "access_token_with_bearer": "The access token prefixed with the \"Bearer \" key word.",
        "index_route_description": "Retrieve existing puestos.",
        "index_route_response_description": "The API's response will be JSON based data. The JSON object will be structured as follow",
        "the_key_is_the_model_property_and_the_value_is_the_model_value": "The array's key is the puestos property name where the value is the assigned value to the retrieved puestos.",
        "link_to_retrieve_first_page": "Link to retrieve first page.",
        "link_to_retrieve_last_page": "Link to retrieve last page.",
        "link_to_retrieve_previous_page": "Link to retrieve previous page.",
        "link_to_retrieve_next_page": "Link to retrieve next page.",
        "the_number_of_current_page": "The number of current page.",
        "the_index_of_the_first_retrieved_item": "The index of first retrieved puestos.",
        "the_number_of_the_last_page": "The number of the last page.",
        "the_base_link_to_the_resource": "The base link to the api resource.",
        "the_number_of_models_per_page": "The number of puestos per page.",
        "the_index_of_the_last_retrieved_item": "The index of last retrieved puestos.",
        "the_total_of_available_pages": "The total of the available pages.",
        "store_route_description": "Create new puestos.",
        "store_route_response_description": "The API's response will be JSON based data. The JSON object will be structured as follow",
        "update_route_description": "Update existsing puestos.",
        "update_route_response_description": "The API's response will be JSON based data. The JSON object will be structured as follow",
        "show_route_description": "Retrieve existsing puestos.",
        "show_route_response_description": "The API's response will be JSON based data. The JSON object will be structured as follow",
        "the_id_of_model_to_retrieve": "The unique id of the puestos to retrieve",
        "destroy_route_description": "Delete existsing puestos.",
        "destroy_route_response_description": "The API's response will be JSON based data. The JSON object will be structured as follow",
        "the_id_of_model_to_delete": "The id of the puestos to delete.",
        "general_description": "Allows you to list, create, edit, show and delete puestos.",
        "indicate_whether_the_request_was_successful_or_not": "Indicate whether the request was successful or not.",
        "the_id_of_the_model": "The id of the puestos.",
        "this_parameter_must_be_present_in_the_request": "This parameter must be present in the request.",
        "the_request_failed_validation": "The request failed validation.",
        "list_of_the_invalid_errors": "List of the invalid errors.",
        "the_requested_model_does_not_exists": "The requested puestos does not exists.",
        "the_user_does_not_have_permission_to_access_the_requested_resource": "User does not have permission to access the requested resource."
    }
}