{
    "fields": [
        {
            "name": "id",
            "labels": "Id",
            "html-type": "text",
            "css-class": "",
            "options": {},
            "html-value": null,
            "validation": "",
            "is-on-index": false,
            "is-on-show": false,
            "is-on-form": false,
            "data-type": "string",
            "data-type-params": [],
            "data-value": null,
            "is-index": false,
            "is-unique": false,
            "is-primary": true,
            "comment": null,
            "is-nullable": false,
            "is-header": false,
            "is-unsigned": true,
            "is-auto-increment": true,
            "is-inline-options": false,
            "is-date": false,
            "date-format": "",
            "cast-as": "",
            "placeholder": "Enter id here...",
            "delimiter": "; ",
            "range": [],
            "foreign-relation": null,
            "foreign-constraint": null,
            "on-store": null,
            "on-update": null,
            "api-key": "id",
            "is-api-visible": true,
            "api-description": "The id of the model."
        },
        {
            "name": "name",
            "labels": "Name",
            "html-type": "text",
            "css-class": "",
            "options": {},
            "html-value": null,
            "validation": "required|string|min:1|max:255",
            "is-on-index": true,
            "is-on-show": true,
            "is-on-form": true,
            "data-type": "string",
            "data-type-params": [
                255
            ],
            "data-value": null,
            "is-index": false,
            "is-unique": false,
            "is-primary": false,
            "comment": null,
            "is-nullable": false,
            "is-header": true,
            "is-unsigned": false,
            "is-auto-increment": false,
            "is-inline-options": false,
            "is-date": false,
            "date-format": "",
            "cast-as": "",
            "placeholder": "Enter name here...",
            "delimiter": "; ",
            "range": [],
            "foreign-relation": null,
            "foreign-constraint": null,
            "on-store": null,
            "on-update": null,
            "api-key": "name",
            "is-api-visible": true,
            "api-description": "The name of the model."
        },
        {
            "name": "email",
            "labels": "Email",
            "html-type": "text",
            "css-class": "",
            "options": {},
            "html-value": null,
            "validation": "required",
            "is-on-index": true,
            "is-on-show": true,
            "is-on-form": true,
            "data-type": "string",
            "data-type-params": [
                255
            ],
            "data-value": null,
            "is-index": false,
            "is-unique": true,
            "is-primary": false,
            "comment": null,
            "is-nullable": false,
            "is-header": false,
            "is-unsigned": false,
            "is-auto-increment": false,
            "is-inline-options": false,
            "is-date": false,
            "date-format": "",
            "cast-as": "",
            "placeholder": "Enter email here...",
            "delimiter": "; ",
            "range": [],
            "foreign-relation": null,
            "foreign-constraint": null,
            "on-store": null,
            "on-update": null,
            "api-key": "email",
            "is-api-visible": true,
            "api-description": "The email of the model."
        },
        {
            "name": "email_verified_at",
            "labels": "Email Verified At",
            "html-type": "text",
            "css-class": "",
            "options": {},
            "html-value": null,
            "validation": "nullable|date_format:j/n/Y g:i A",
            "is-on-index": true,
            "is-on-show": true,
            "is-on-form": true,
            "data-type": "timestamp",
            "data-type-params": [],
            "data-value": null,
            "is-index": false,
            "is-unique": false,
            "is-primary": false,
            "comment": null,
            "is-nullable": true,
            "is-header": false,
            "is-unsigned": false,
            "is-auto-increment": false,
            "is-inline-options": false,
            "is-date": false,
            "date-format": "j/n/Y g:i A",
            "cast-as": "",
            "placeholder": "Enter email verified at here...",
            "delimiter": "; ",
            "range": [],
            "foreign-relation": null,
            "foreign-constraint": null,
            "on-store": null,
            "on-update": null,
            "api-key": "email_verified_at",
            "is-api-visible": true,
            "api-description": "The email verified at of the model."
        },
        {
            "name": "password",
            "labels": "Password",
            "html-type": "text",
            "css-class": "",
            "options": {},
            "html-value": null,
            "validation": "required",
            "is-on-index": true,
            "is-on-show": true,
            "is-on-form": true,
            "data-type": "string",
            "data-type-params": [
                255
            ],
            "data-value": null,
            "is-index": false,
            "is-unique": false,
            "is-primary": false,
            "comment": null,
            "is-nullable": false,
            "is-header": false,
            "is-unsigned": false,
            "is-auto-increment": false,
            "is-inline-options": false,
            "is-date": false,
            "date-format": "",
            "cast-as": "",
            "placeholder": "Enter password here...",
            "delimiter": "; ",
            "range": [],
            "foreign-relation": null,
            "foreign-constraint": null,
            "on-store": null,
            "on-update": null,
            "api-key": "password",
            "is-api-visible": true,
            "api-description": "The password of the model."
        },
        {
            "name": "remember_token",
            "labels": "Remember Token",
            "html-type": "text",
            "css-class": "",
            "options": {},
            "html-value": null,
            "validation": "nullable|string|min:0|max:100",
            "is-on-index": true,
            "is-on-show": true,
            "is-on-form": true,
            "data-type": "string",
            "data-type-params": [
                100
            ],
            "data-value": null,
            "is-index": false,
            "is-unique": false,
            "is-primary": false,
            "comment": null,
            "is-nullable": true,
            "is-header": false,
            "is-unsigned": false,
            "is-auto-increment": false,
            "is-inline-options": false,
            "is-date": false,
            "date-format": "",
            "cast-as": "",
            "placeholder": "Enter remember token here...",
            "delimiter": "; ",
            "range": [],
            "foreign-relation": null,
            "foreign-constraint": null,
            "on-store": null,
            "on-update": null,
            "api-key": "remember_token",
            "is-api-visible": true,
            "api-description": "The remember token of the model."
        },
        {
            "name": "created_at",
            "labels": "Created At",
            "html-type": "text",
            "css-class": "",
            "options": {},
            "html-value": null,
            "validation": "",
            "is-on-index": false,
            "is-on-show": true,
            "is-on-form": false,
            "data-type": "timestamp",
            "data-type-params": [],
            "data-value": null,
            "is-index": false,
            "is-unique": false,
            "is-primary": false,
            "comment": null,
            "is-nullable": true,
            "is-header": false,
            "is-unsigned": false,
            "is-auto-increment": false,
            "is-inline-options": false,
            "is-date": false,
            "date-format": "j/n/Y g:i A",
            "cast-as": "",
            "placeholder": "Enter created at here...",
            "delimiter": "; ",
            "range": [],
            "foreign-relation": null,
            "foreign-constraint": null,
            "on-store": null,
            "on-update": null,
            "api-key": "created_at",
            "is-api-visible": false,
            "api-description": "The created at of the model."
        },
        {
            "name": "updated_at",
            "labels": "Updated At",
            "html-type": "text",
            "css-class": "",
            "options": {},
            "html-value": null,
            "validation": "",
            "is-on-index": false,
            "is-on-show": true,
            "is-on-form": false,
            "data-type": "timestamp",
            "data-type-params": [],
            "data-value": null,
            "is-index": false,
            "is-unique": false,
            "is-primary": false,
            "comment": null,
            "is-nullable": true,
            "is-header": false,
            "is-unsigned": false,
            "is-auto-increment": false,
            "is-inline-options": false,
            "is-date": false,
            "date-format": "j/n/Y g:i A",
            "cast-as": "",
            "placeholder": "Enter updated at here...",
            "delimiter": "; ",
            "range": [],
            "foreign-relation": null,
            "foreign-constraint": null,
            "on-store": null,
            "on-update": null,
            "api-key": "updated_at",
            "is-api-visible": false,
            "api-description": "The updated at of the model."
        },
        {
            "name": "img_usuario",
            "labels": "Img Usuario",
            "html-type": "text",
            "css-class": "",
            "options": {},
            "html-value": null,
            "validation": "nullable|string|min:0|max:200",
            "is-on-index": true,
            "is-on-show": true,
            "is-on-form": true,
            "data-type": "string",
            "data-type-params": [
                200
            ],
            "data-value": "user.png",
            "is-index": false,
            "is-unique": false,
            "is-primary": false,
            "comment": null,
            "is-nullable": true,
            "is-header": false,
            "is-unsigned": false,
            "is-auto-increment": false,
            "is-inline-options": false,
            "is-date": false,
            "date-format": "",
            "cast-as": "",
            "placeholder": "Enter img usuario here...",
            "delimiter": "; ",
            "range": [],
            "foreign-relation": null,
            "foreign-constraint": null,
            "on-store": null,
            "on-update": null,
            "api-key": "img_usuario",
            "is-api-visible": true,
            "api-description": "The img usuario of the model."
        },
        {
            "name": "id_grupo",
            "labels": "Id Grupo",
            "html-type": "number",
            "css-class": "",
            "options": {},
            "html-value": null,
            "validation": "nullable",
            "is-on-index": true,
            "is-on-show": true,
            "is-on-form": true,
            "data-type": "int",
            "data-type-params": [],
            "data-value": null,
            "is-index": true,
            "is-unique": false,
            "is-primary": false,
            "comment": null,
            "is-nullable": true,
            "is-header": false,
            "is-unsigned": false,
            "is-auto-increment": false,
            "is-inline-options": false,
            "is-date": false,
            "date-format": "",
            "cast-as": "",
            "placeholder": "Enter id grupo here...",
            "delimiter": "; ",
            "range": [],
            "foreign-relation": null,
            "foreign-constraint": null,
            "on-store": null,
            "on-update": null,
            "api-key": "id_grupo",
            "is-api-visible": true,
            "api-description": "The id grupo of the model."
        },
        {
            "name": "theme",
            "labels": "Theme",
            "html-type": "text",
            "css-class": "",
            "options": {},
            "html-value": null,
            "validation": "nullable|string|min:0|max:150",
            "is-on-index": true,
            "is-on-show": true,
            "is-on-form": true,
            "data-type": "string",
            "data-type-params": [
                150
            ],
            "data-value": null,
            "is-index": false,
            "is-unique": false,
            "is-primary": false,
            "comment": null,
            "is-nullable": true,
            "is-header": false,
            "is-unsigned": false,
            "is-auto-increment": false,
            "is-inline-options": false,
            "is-date": false,
            "date-format": "",
            "cast-as": "",
            "placeholder": "Enter theme here...",
            "delimiter": "; ",
            "range": [],
            "foreign-relation": null,
            "foreign-constraint": null,
            "on-store": null,
            "on-update": null,
            "api-key": "theme",
            "is-api-visible": true,
            "api-description": "The theme of the model."
        },
        {
            "name": "collapse",
            "labels": "Collapse",
            "html-type": "number",
            "css-class": "",
            "options": {},
            "html-value": null,
            "validation": "nullable",
            "is-on-index": true,
            "is-on-show": true,
            "is-on-form": true,
            "data-type": "int",
            "data-type-params": [],
            "data-value": "0",
            "is-index": false,
            "is-unique": false,
            "is-primary": false,
            "comment": null,
            "is-nullable": true,
            "is-header": false,
            "is-unsigned": false,
            "is-auto-increment": false,
            "is-inline-options": false,
            "is-date": false,
            "date-format": "",
            "cast-as": "",
            "placeholder": "Enter collapse here...",
            "delimiter": "; ",
            "range": [],
            "foreign-relation": null,
            "foreign-constraint": null,
            "on-store": null,
            "on-update": null,
            "api-key": "collapse",
            "is-api-visible": true,
            "api-description": "The collapse of the model."
        },
        {
            "name": "last_login",
            "labels": "Last Login",
            "html-type": "text",
            "css-class": "",
            "options": {},
            "html-value": null,
            "validation": "nullable|string|min:0",
            "is-on-index": true,
            "is-on-show": true,
            "is-on-form": true,
            "data-type": "string",
            "data-type-params": [],
            "data-value": null,
            "is-index": false,
            "is-unique": false,
            "is-primary": false,
            "comment": null,
            "is-nullable": true,
            "is-header": false,
            "is-unsigned": false,
            "is-auto-increment": false,
            "is-inline-options": false,
            "is-date": false,
            "date-format": "",
            "cast-as": "",
            "placeholder": "Enter last login here...",
            "delimiter": "; ",
            "range": [],
            "foreign-relation": null,
            "foreign-constraint": null,
            "on-store": null,
            "on-update": null,
            "api-key": "last_login",
            "is-api-visible": true,
            "api-description": "The last login of the model."
        },
        {
            "name": "nivel_acceso",
            "labels": "Nivel Acceso",
            "html-type": "number",
            "css-class": "",
            "options": {},
            "html-value": null,
            "validation": "nullable",
            "is-on-index": true,
            "is-on-show": true,
            "is-on-form": true,
            "data-type": "int",
            "data-type-params": [],
            "data-value": "1",
            "is-index": false,
            "is-unique": false,
            "is-primary": false,
            "comment": null,
            "is-nullable": true,
            "is-header": false,
            "is-unsigned": false,
            "is-auto-increment": false,
            "is-inline-options": false,
            "is-date": false,
            "date-format": "",
            "cast-as": "",
            "placeholder": "Enter nivel acceso here...",
            "delimiter": "; ",
            "range": [],
            "foreign-relation": null,
            "foreign-constraint": null,
            "on-store": null,
            "on-update": null,
            "api-key": "nivel_acceso",
            "is-api-visible": true,
            "api-description": "The nivel acceso of the model."
        }
    ],
    "relations": [],
    "indexes": [],
    "auto-manage-created-and-updated-at": true,
    "table-name": "users",
    "protection": {
        "is-model-protected": false,
        "is-controller-protected": false,
        "is-api-resource-protected": false,
        "is-api-resource-collection-protected": false,
        "is-api-documentation-protected": false,
        "is-api-documentation-controller-protected": false,
        "is-form-request-protected": false,
        "is-languages-protected": false,
        "is-form-view-protected": false,
        "is-index-view-protected": false,
        "is-create-view-protected": false,
        "is-edit-view-protected": false,
        "is-show-view-protected": false
    },
    "api-documentation": {
        "access_token_with_bearer": "The access token prefixed with the \"Bearer \" key word.",
        "index_route_description": "Retrieve existing users.",
        "index_route_response_description": "The API's response will be JSON based data. The JSON object will be structured as follow",
        "the_key_is_the_model_property_and_the_value_is_the_model_value": "The array's key is the users property name where the value is the assigned value to the retrieved users.",
        "link_to_retrieve_first_page": "Link to retrieve first page.",
        "link_to_retrieve_last_page": "Link to retrieve last page.",
        "link_to_retrieve_previous_page": "Link to retrieve previous page.",
        "link_to_retrieve_next_page": "Link to retrieve next page.",
        "the_number_of_current_page": "The number of current page.",
        "the_index_of_the_first_retrieved_item": "The index of first retrieved users.",
        "the_number_of_the_last_page": "The number of the last page.",
        "the_base_link_to_the_resource": "The base link to the api resource.",
        "the_number_of_models_per_page": "The number of users per page.",
        "the_index_of_the_last_retrieved_item": "The index of last retrieved users.",
        "the_total_of_available_pages": "The total of the available pages.",
        "store_route_description": "Create new users.",
        "store_route_response_description": "The API's response will be JSON based data. The JSON object will be structured as follow",
        "update_route_description": "Update existsing users.",
        "update_route_response_description": "The API's response will be JSON based data. The JSON object will be structured as follow",
        "show_route_description": "Retrieve existsing users.",
        "show_route_response_description": "The API's response will be JSON based data. The JSON object will be structured as follow",
        "the_id_of_model_to_retrieve": "The unique id of the users to retrieve",
        "destroy_route_description": "Delete existsing users.",
        "destroy_route_response_description": "The API's response will be JSON based data. The JSON object will be structured as follow",
        "the_id_of_model_to_delete": "The id of the users to delete.",
        "general_description": "Allows you to list, create, edit, show and delete users.",
        "indicate_whether_the_request_was_successful_or_not": "Indicate whether the request was successful or not.",
        "the_id_of_the_model": "The id of the users.",
        "this_parameter_must_be_present_in_the_request": "This parameter must be present in the request.",
        "the_request_failed_validation": "The request failed validation.",
        "list_of_the_invalid_errors": "List of the invalid errors.",
        "the_requested_model_does_not_exists": "The requested users does not exists.",
        "the_user_does_not_have_permission_to_access_the_requested_resource": "User does not have permission to access the requested resource."
    }
}